"","V1","V2"
"1","561","USA founder"
"2","562","USA founder"
"3","568","Oman founder"
"4","570","Oman founder"
"5","575","Oman founder"
"6","576","Oman founder"
"7","577","Oman founder"
"8","578","Oman founder"
"9","581","Oman founder"
"10","582","Oman founder"
"11","583","Oman founder"
"12","584","Oman founder"
"13","412","WWR Mix"
"14","413","WWR Mix"
"15","414","WWR Mix"
"16","415","WWR Mix"
"17","416","WWR Mix"
"18","417","WWR Mix"
"19","418","WWR Mix"
"20","419","WWR Mix"
"21","420","WWR Mix"
"22","421","WWR Mix"
"23","422","WWR Mix"
"24","423","WWR Mix"
"25","425","WWR Mix"
"26","426","WWR Mix"
"27","427","WWR Mix"
"28","428","WWR Mix"
"29","429","WWR Mix"
"30","430","WWR Mix"
"31","431","WWR Mix"
"32","432","WWR Mix"
"33","434","WWR Mix"
"34","435","WWR Mix"
"35","436","WWR Mix"
"36","437","WWR Mix"
"37","438","WWR Mix"
"38","439","WWR Mix"
"39","440","WWR Mix"
"40","441","WWR Mix"
"41","442","WWR Mix"
"42","443","WWR Mix"
"43","444","WWR Mix"
"44","445","WWR Mix"
"45","446","WWR Mix"
"46","447","WWR Mix"
"47","448","WWR Mix"
"48","450","WWR Mix"
"49","451","WWR Mix"
"50","452","WWR Mix"
"51","455","WWR Mix"
"52","456","WWR Mix"
"53","458","WWR Mix"
"54","459","WWR Mix"
"55","460","WWR Mix"
"56","462","WWR Mix"
"57","463","WWR Mix"
"58","464","WWR Mix"
"59","466","WWR Mix"
"60","467","WWR Mix"
"61","468","WWR Mix"
"62","470","WWR Mix"
"63","472","WWR Mix"
"64","473","WWR Mix"
"65","474","WWR Mix"
"66","475","WWR Mix"
"67","476","WWR Mix"
"68","481","WWR Mix"
"69","482","WWR Mix"
"70","483","WWR Mix"
"71","484","WWR Mix"
"72","487","WWR Mix"
"73","491","WWR Mix"
"74","495","WWR Mix"
"75","498","WWR Mix"
"76","500","WWR Mix"
"77","502","WWR Mix"
"78","503","WWR Mix"
"79","504","WWR Mix"
"80","505","WWR Mix"
"81","506","WWR Mix"
"82","507","WWR Mix"
"83","508","WWR Mix"
"84","509","WWR Mix"
"85","512","WWR Mix"
"86","513","WWR Mix"
"87","514","WWR Mix"
"88","515","WWR Mix"
"89","516","WWR Mix"
"90","517","WWR Mix"
"91","521","WWR Mix"
"92","522","WWR Mix"
"93","523","WWR Mix"
"94","529","WWR Mix"
"95","532","WWR Mix"
"96","533","WWR Mix"
"97","534","WWR Mix"
"98","537","WWR Mix"
"99","538","WWR Mix"
"100","539","WWR Mix"
"101","411","WWR Oman"
"102","454","WWR Mix"
"103","461","WWR Oman"
"104","485","WWR Oman"
"105","486","WWR Oman"
"106","488","WWR Oman"
"107","489","WWR Oman"
"108","496","WWR Oman"
"109","497","WWR Oman"
"110","524","WWR Oman"
"111","410","WWR UAE"
"112","433","WWR UAE"
"113","449","WWR UAE"
"114","457","WWR UAE"
"115","465","WWR UAE"
"116","478","WWR UAE"
"117","479","WWR UAE"
"118","480","WWR UAE"
"119","490","WWR UAE"
"120","492","WWR UAE"
"121","493","WWR UAE"
"122","494","WWR UAE"
"123","501","WWR UAE"
"124","525","WWR UAE"
"125","531","WWR UAE"
